source_name,dataset_or_recording_id,source_url,target_label,background_subtype,license,license_verified,attribution_required,commercial_use_status,source_identity,recording_group_id,download_status,sha256,manifest_status,notes
Freesound,20352,https://freesound.org/people/cognito%20perceptu/sounds/20352/,gunshot,,CC0,true,false,allowed_by_license,cognito perceptu,public_freesound_20352,blocked_requires_freesound_authentication,,not_added,Verified licence and provenance; original audio was not acquired because the official endpoint requires authentication.
Freesound,415912,https://freesound.org/people/okieactor/sounds/415912/,gunshot,,CC0,true,false,allowed_by_license,okieactor,public_freesound_415912,blocked_requires_freesound_authentication,,not_added,Verified licence and provenance; review realism after authorised download.
Freesound,431738,https://freesound.org/people/Stefan021/sounds/431738/,chainsaw_logging,,CC0,true,false,allowed_by_license,Stefan021,public_freesound_431738,blocked_requires_freesound_authentication,,not_added,Verified licence and provenance; original audio not acquired.
Freesound,351775,https://freesound.org/people/Hard3eat/sounds/351775/,chainsaw_logging,,CC0,true,false,allowed_by_license,Hard3eat,public_freesound_351775,blocked_requires_freesound_authentication,,not_added,Verified licence and provenance; original audio not acquired.
Freesound,463207,https://freesound.org/people/SamuelGremaud/sounds/463207/,chainsaw_logging,,CC0,true,false,allowed_by_license,SamuelGremaud,public_freesound_463207,blocked_requires_freesound_authentication,,not_added,Verified licence and provenance; original audio not acquired.
Freesound,741357,https://freesound.org/people/Mish7913/sounds/741357/,metal_tool_activity,,CC0,true,false,allowed_by_license,Mish7913,public_freesound_741357,blocked_requires_freesound_authentication,,not_added,Verified licence and provenance; original audio not acquired.
Freesound,509176,https://freesound.org/people/guidofm/sounds/509176/,background,forest_ambience,CC0,true,false,allowed_by_license,guidofm,public_freesound_509176,blocked_requires_freesound_authentication,,not_added,Verified licence and provenance; original audio not acquired.
Freesound,564436,https://freesound.org/people/Fester993/sounds/564436/,background,forest_ambience,CC0,true,false,allowed_by_license,Fester993,public_freesound_564436,blocked_requires_freesound_authentication,,not_added,Verified licence and provenance; original audio not acquired.
Freesound,512942,https://freesound.org/people/freemusicpromo/sounds/512942/,gunshot,,CC0,true,false,allowed_by_license,freemusicpromo,public_freesound_512942,rejected_semantic_mismatch,,not_added,Rejected before download because semantic validity is disputed on the source page.
