source_name,source_type,source_url,dataset_or_recording_id,target_label,background_subtype,license,license_verified,attribution_required,commercial_use_status,source_identity,recording_group_id_if_known,download_status,notes
Freesound,direct_freesound,https://freesound.org/people/cognito%20perceptu/sounds/20352/,20352,gunshot,,CC0,true,false,allowed_by_license,cognito perceptu,public_freesound_20352,blocked_requires_freesound_authentication,Reported as a distant range gunshot in woods; original-file endpoint returned HTTP 401 without an authorised session.
Freesound,direct_freesound,https://freesound.org/people/okieactor/sounds/415912/,415912,gunshot,,CC0,true,false,allowed_by_license,okieactor,public_freesound_415912,blocked_requires_freesound_authentication,Theatrical cap-gun sound effect; retain only as a pilot candidate and review realism after authorised download.
Freesound,direct_freesound,https://freesound.org/people/Stefan021/sounds/431738/,431738,chainsaw_logging,,CC0,true,false,allowed_by_license,Stefan021,public_freesound_431738,blocked_requires_freesound_authentication,Chainsaw idle and rev sequence; original-file endpoint returned HTTP 401 without an authorised session.
Freesound,direct_freesound,https://freesound.org/people/Hard3eat/sounds/351775/,351775,chainsaw_logging,,CC0,true,false,allowed_by_license,Hard3eat,public_freesound_351775,blocked_requires_freesound_authentication,Chainsaw field recording made with Zoom H5.
Freesound,direct_freesound,https://freesound.org/people/SamuelGremaud/sounds/463207/,463207,chainsaw_logging,,CC0,true,false,allowed_by_license,SamuelGremaud,public_freesound_463207,blocked_requires_freesound_authentication,Chainsaw cutting trees; page identifies field-recording equipment and location.
Freesound,direct_freesound,https://freesound.org/people/Mish7913/sounds/741357/,741357,metal_tool_activity,,CC0,true,false,allowed_by_license,Mish7913,public_freesound_741357,blocked_requires_freesound_authentication,Metal pan-lid clank; target is a tool/activity proxy and needs acoustic review after authorised download.
Freesound,direct_freesound,https://freesound.org/people/guidofm/sounds/509176/,509176,background,forest_ambience,CC0,true,false,allowed_by_license,guidofm,public_freesound_509176,blocked_requires_freesound_authentication,Forest recording in Mátrafüred Hungary made with Zoom H1.
Freesound,direct_freesound,https://freesound.org/people/Fester993/sounds/564436/,564436,background,forest_ambience,CC0,true,false,allowed_by_license,Fester993,public_freesound_564436,blocked_requires_freesound_authentication,Forest ambience recorded in Monte Gelato Italy with Zoom H4n.
Freesound,direct_freesound,https://freesound.org/people/freemusicpromo/sounds/512942/,512942,gunshot,,CC0,true,false,allowed_by_license,freemusicpromo,public_freesound_512942,rejected_semantic_mismatch,Rejected before download because the source page includes a comment disputing that it is a gunshot.
